Ativo;Strike;Vencimento
BOVA11F;0.0;31/12/1969
BOVAR70;70.0;15/06/2020
BOVAR68;68.0;15/06/2020
BOVAS70;70.0;20/07/2020
BOVAS65;65.0;20/07/2020
BOVAS60;60.0;20/07/2020
BOVAU68;68.0;21/09/2020
BOVAI87;87.0;15/09/2023
BOVAI875;87.5;15/09/2023
BOVAI876;89.0;15/09/2023
BOVAI88;104.0;15/09/2023
BOVAI885;88.5;15/09/2023
BOVAI89;106.0;15/09/2023
BOVAI895;89.5;15/09/2023
BOVAI900;90.0;15/09/2023
BOVAI905;90.5;15/09/2023
BOVAI910;91.0;15/09/2023
BOVAI915;91.5;15/09/2023
BOVAI920;92.0;15/09/2023
BOVAI925;92.5;15/09/2023
BOVAI930;93.0;15/09/2023
BOVAI935;93.5;15/09/2023
BOVAI940;94.0;15/09/2023
BOVAI945;94.5;15/09/2023
BOVAI955;95.5;15/09/2023
BOVAI960;96.0;15/09/2023
BOVAI970;97.0;15/09/2023
BOVAU104;116.0;15/09/2023
BOVAU118;118.0;15/09/2023
BOVAI867;88.0;15/09/2023
BOVAI865;86.5;15/09/2023
BOVAI84;102.0;15/09/2023
BOVAI845;84.5;15/09/2023
BOVAI118;118.0;15/09/2023
BOVAI120;128.0;15/09/2023
BOVAI122;122.0;15/09/2023
BOVAI124;124.0;15/09/2023
BOVAI126;132.0;15/09/2023
BOVAI127;136.0;15/09/2023
BOVAI134;134.0;15/09/2023
BOVAI136;144.0;15/09/2023
BOVAI137;142.0;15/09/2023
BOVAI138;138.0;15/09/2023
BOVAI140;146.0;15/09/2023
BOVAI141;148.0;15/09/2023
BOVAI152;152.0;15/09/2023
BOVAI153;156.0;15/09/2023
BOVAI154;154.0;15/09/2023
BOVAI156;158.0;15/09/2023
BOVAI162;162.0;15/09/2023
BOVAI164;164.0;15/09/2023
BOVAI815;81.5;15/09/2023
BOVAI825;82.5;15/09/2023
BOVAI835;83.5;15/09/2023
BOVAU119;126.0;15/09/2023
BOVAI844;86.0;15/09/2023
BOVAI855;85.5;15/09/2023
BOVAU120;128.0;15/09/2023
BOVAU127;136.0;15/09/2023
BOVAU124;124.0;15/09/2023
BOVAU885;88.5;15/09/2023
BOVAU89;106.0;15/09/2023
BOVAU895;89.5;15/09/2023
BOVAU900;90.0;15/09/2023
BOVAU905;90.5;15/09/2023
BOVAU910;91.0;15/09/2023
BOVAU915;91.5;15/09/2023
BOVAU920;92.0;15/09/2023
BOVAU925;92.5;15/09/2023
BOVAU930;93.0;15/09/2023
BOVAU935;93.5;15/09/2023
BOVAU940;94.0;15/09/2023
BOVAU945;94.5;15/09/2023
BOVAU955;95.5;15/09/2023
BOVAU970;97.0;15/09/2023
BOVAU159;160.0;15/09/2023
BOVAU43;103.0;15/09/2023
BOVAU990;99.0;15/09/2023
BOVAI43;103.0;15/09/2023
BOVAU149;150.0;15/09/2023
BOVAU114;115.0;15/09/2023
BOVAU995;99.5;15/09/2023
BOVAU39;101.0;15/09/2023
BOVAU88;104.0;15/09/2023
BOVAU122;122.0;15/09/2023
BOVAU876;89.0;15/09/2023
BOVAU87;87.0;15/09/2023
BOVAU126;132.0;15/09/2023
BOVAI104;116.0;15/09/2023
BOVAU134;134.0;15/09/2023
BOVAU136;144.0;15/09/2023
BOVAU137;142.0;15/09/2023
BOVAU138;138.0;15/09/2023
BOVAU140;146.0;15/09/2023
BOVAU141;148.0;15/09/2023
BOVAU152;152.0;15/09/2023
BOVAU153;156.0;15/09/2023
BOVAU154;154.0;15/09/2023
BOVAU156;158.0;15/09/2023
BOVAU162;162.0;15/09/2023
BOVAU164;164.0;15/09/2023
BOVAU815;81.5;15/09/2023
BOVAU825;82.5;15/09/2023
BOVAU835;83.5;15/09/2023
BOVAU84;102.0;15/09/2023
BOVAU844;86.0;15/09/2023
BOVAU845;84.5;15/09/2023
BOVAU855;85.5;15/09/2023
BOVAU865;86.5;15/09/2023
BOVAU867;88.0;15/09/2023
BOVAU875;87.5;15/09/2023
BOVAI995;99.5;15/09/2023
BOVAI39;101.0;15/09/2023
BOVAI880;80.0;15/09/2023
BOVAI860;76.0;15/09/2023
BOVAI870;78.0;15/09/2023
BOVAU720;72.0;15/09/2023
BOVAI890;79.0;15/09/2023
BOVAU820;82.0;15/09/2023
BOVAU830;83.0;15/09/2023
BOVAU840;84.0;15/09/2023
BOVAU850;85.0;15/09/2023
BOVAI980;98.0;15/09/2023
BOVAU70;117.0;15/09/2023
BOVAU860;76.0;15/09/2023
BOVAU880;80.0;15/09/2023
BOVAU890;79.0;15/09/2023
BOVAU700;70.0;15/09/2023
BOVAU650;65.0;15/09/2023
BOVAU600;60.0;15/09/2023
BOVAI114;115.0;15/09/2023
BOVAI990;99.0;15/09/2023
BOVAI70;117.0;15/09/2023
BOVAI770;77.0;15/09/2023
BOVAI850;85.0;15/09/2023
BOVAI830;83.0;15/09/2023
BOVAI108;108.0;15/09/2023
BOVAI110;110.0;15/09/2023
BOVAU108;108.0;15/09/2023
BOVAU110;110.0;15/09/2023
BOVAI113;114.0;15/09/2023
BOVAU113;114.0;15/09/2023
BOVAI950;95.0;15/09/2023
BOVAU107;111.0;15/09/2023
BOVAI840;84.0;15/09/2023
BOVAI102;113.0;15/09/2023
BOVAI107;111.0;15/09/2023
BOVAU770;77.0;15/09/2023
BOVAI25;125.0;15/09/2023
BOVAI119;126.0;15/09/2023
BOVAU25;125.0;15/09/2023
BOVAU750;75.0;15/09/2023
BOVAU980;98.0;15/09/2023
BOVAI820;82.0;15/09/2023
BOVAU102;113.0;15/09/2023
BOVAU950;95.0;15/09/2023
BOVAI750;75.0;15/09/2023
BOVAI700;70.0;15/09/2023
BOVAU112;112.0;15/09/2023
BOVAI720;72.0;15/09/2023
BOVAI75;119.0;15/09/2023
BOVAI109;135.0;15/09/2023
BOVAU105;105.0;15/09/2023
BOVAU95;100.0;15/09/2023
BOVAI147;147.0;15/09/2023
BOVAI112;112.0;15/09/2023
BOVAI105;105.0;15/09/2023
BOVAI95;100.0;15/09/2023
BOVAU100;129.0;15/09/2023
BOVAI100;129.0;15/09/2023
BOVAI600;60.0;15/09/2023
BOVAU960;96.0;15/09/2023
BOVAU870;78.0;15/09/2023
BOVAU147;147.0;15/09/2023
BOVAI159;160.0;15/09/2023
BOVAI83;123.0;15/09/2023
BOVAI149;150.0;15/09/2023
BOVAU97;133.0;15/09/2023
BOVAU92;131.0;15/09/2023
BOVAU86;127.0;15/09/2023
BOVAI97;133.0;15/09/2023
BOVAI92;131.0;15/09/2023
BOVAU109;135.0;15/09/2023
BOVAI650;65.0;15/09/2023
BOVAI86;127.0;15/09/2023
BOVAI50;109.0;15/09/2023
BOVAU76;121.0;15/09/2023
BOVAI76;121.0;15/09/2023
BOVAU48;107.0;15/09/2023
BOVAI48;107.0;15/09/2023
BOVAU83;123.0;15/09/2023
BOVAU75;119.0;15/09/2023
BOVAU50;109.0;15/09/2023
BOVAV108;108.0;20/10/2023
BOVAV140;140.0;20/10/2023
BOVAV115;115.0;20/10/2023
BOVAJ138;138.0;20/10/2023
BOVAV211;112.0;20/10/2023
BOVAV138;138.0;20/10/2023
BOVAJ107;109.0;20/10/2023
BOVAV65;65.0;20/10/2023
BOVAJ101;104.0;20/10/2023
BOVAV70;70.0;20/10/2023
BOVAV72;72.0;20/10/2023
BOVAV75;75.0;20/10/2023
BOVAJ900;90.0;20/10/2023
BOVAV80;80.0;20/10/2023
BOVAV820;82.0;20/10/2023
BOVAV840;84.0;20/10/2023
BOVAV860;86.0;20/10/2023
BOVAV880;88.0;20/10/2023
BOVAV890;89.0;20/10/2023
BOVAV900;90.0;20/10/2023
BOVAJ890;89.0;20/10/2023
BOVAJ880;88.0;20/10/2023
BOVAJ860;86.0;20/10/2023
BOVAJ840;84.0;20/10/2023
BOVAJ820;82.0;20/10/2023
BOVAJ80;80.0;20/10/2023
BOVAV101;104.0;20/10/2023
BOVAJ120;120.0;20/10/2023
BOVAV120;120.0;20/10/2023
BOVAJ91;100.0;20/10/2023
BOVAV91;100.0;20/10/2023
BOVAJ100;107.0;20/10/2023
BOVAV107;109.0;20/10/2023
BOVAV100;107.0;20/10/2023
BOVAJ60;60.0;20/10/2023
BOVAJ65;65.0;20/10/2023
BOVAJ70;70.0;20/10/2023
BOVAJ72;72.0;20/10/2023
BOVAJ75;75.0;20/10/2023
BOVAJ77;77.0;20/10/2023
BOVAV60;60.0;20/10/2023
BOVAV77;77.0;20/10/2023
BOVAJ850;85.0;20/10/2023
BOVAV112;114.0;20/10/2023
BOVAV895;89.5;20/10/2023
BOVAV885;88.5;20/10/2023
BOVAV875;87.5;20/10/2023
BOVAV870;87.0;20/10/2023
BOVAV87;101.0;20/10/2023
BOVAV865;86.5;20/10/2023
BOVAV855;85.5;20/10/2023
BOVAV845;84.5;20/10/2023
BOVAV835;83.5;20/10/2023
BOVAV830;83.0;20/10/2023
BOVAV825;82.5;20/10/2023
BOVAV815;81.5;20/10/2023
BOVAV163;163.0;20/10/2023
BOVAV161;161.0;20/10/2023
BOVAV159;159.0;20/10/2023
BOVAV157;157.0;20/10/2023
BOVAV155;155.0;20/10/2023
BOVAV127;127.0;20/10/2023
BOVAV129;129.0;20/10/2023
BOVAV131;131.0;20/10/2023
BOVAV133;133.0;20/10/2023
BOVAV135;135.0;20/10/2023
BOVAV137;137.0;20/10/2023
BOVAV90;103.0;20/10/2023
BOVAV139;139.0;20/10/2023
BOVAV143;143.0;20/10/2023
BOVAV145;145.0;20/10/2023
BOVAV147;147.0;20/10/2023
BOVAV149;149.0;20/10/2023
BOVAV151;151.0;20/10/2023
BOVAV153;153.0;20/10/2023
BOVAV141;141.0;20/10/2023
BOVAJ112;114.0;20/10/2023
BOVAV905;90.5;20/10/2023
BOVAV910;91.0;20/10/2023
BOVAJ211;112.0;20/10/2023
BOVAJ115;115.0;20/10/2023
BOVAJ62;122.0;20/10/2023
BOVAJ67;124.0;20/10/2023
BOVAV118;118.0;20/10/2023
BOVAV62;122.0;20/10/2023
BOVAV995;99.5;20/10/2023
BOVAV67;124.0;20/10/2023
BOVAJ49;116.0;20/10/2023
BOVAV29;106.0;20/10/2023
BOVAV49;116.0;20/10/2023
BOVAJ114;117.0;20/10/2023
BOVAV950;95.0;20/10/2023
BOVAJ118;118.0;20/10/2023
BOVAJ29;106.0;20/10/2023
BOVAV125;125.0;20/10/2023
BOVAV990;99.0;20/10/2023
BOVAV980;98.0;20/10/2023
BOVAV915;91.5;20/10/2023
BOVAV920;92.0;20/10/2023
BOVAV925;92.5;20/10/2023
BOVAV93;102.0;20/10/2023
BOVAV930;93.0;20/10/2023
BOVAV935;93.5;20/10/2023
BOVAV985;98.5;20/10/2023
BOVAV940;94.0;20/10/2023
BOVAV955;95.5;20/10/2023
BOVAV960;96.0;20/10/2023
BOVAV965;96.5;20/10/2023
BOVAV970;97.0;20/10/2023
BOVAV975;97.5;20/10/2023
BOVAV98;105.0;20/10/2023
BOVAV945;94.5;20/10/2023
BOVAV123;123.0;20/10/2023
BOVAJ108;108.0;20/10/2023
BOVAV117;119.0;20/10/2023
BOVAJ825;82.5;20/10/2023
BOVAJ815;81.5;20/10/2023
BOVAJ163;163.0;20/10/2023
BOVAJ161;161.0;20/10/2023
BOVAJ159;159.0;20/10/2023
BOVAJ157;157.0;20/10/2023
BOVAJ155;155.0;20/10/2023
BOVAJ153;153.0;20/10/2023
BOVAJ151;151.0;20/10/2023
BOVAJ149;149.0;20/10/2023
BOVAJ147;147.0;20/10/2023
BOVAJ145;145.0;20/10/2023
BOVAJ143;143.0;20/10/2023
BOVAV121;121.0;20/10/2023
BOVAJ139;139.0;20/10/2023
BOVAJ137;137.0;20/10/2023
BOVAJ135;135.0;20/10/2023
BOVAJ140;140.0;20/10/2023
BOVAV850;85.0;20/10/2023
BOVAJ103;110.0;20/10/2023
BOVAV103;110.0;20/10/2023
BOVAJ105;111.0;20/10/2023
BOVAJ113;113.0;20/10/2023
BOVAJ830;83.0;20/10/2023
BOVAJ117;119.0;20/10/2023
BOVAJ123;123.0;20/10/2023
BOVAJ125;125.0;20/10/2023
BOVAJ127;127.0;20/10/2023
BOVAJ129;129.0;20/10/2023
BOVAJ131;131.0;20/10/2023
BOVAJ133;133.0;20/10/2023
BOVAJ121;121.0;20/10/2023
BOVAJ835;83.5;20/10/2023
BOVAJ141;141.0;20/10/2023
BOVAJ925;92.5;20/10/2023
BOVAJ920;92.0;20/10/2023
BOVAJ970;97.0;20/10/2023
BOVAV113;113.0;20/10/2023
BOVAV105;111.0;20/10/2023
BOVAJ995;99.5;20/10/2023
BOVAJ990;99.0;20/10/2023
BOVAJ985;98.5;20/10/2023
BOVAJ980;98.0;20/10/2023
BOVAJ915;91.5;20/10/2023
BOVAJ98;105.0;20/10/2023
BOVAJ930;93.0;20/10/2023
BOVAJ935;93.5;20/10/2023
BOVAJ940;94.0;20/10/2023
BOVAJ945;94.5;20/10/2023
BOVAJ950;95.0;20/10/2023
BOVAJ955;95.5;20/10/2023
BOVAJ960;96.0;20/10/2023
BOVAJ965;96.5;20/10/2023
BOVAJ93;102.0;20/10/2023
BOVAJ910;91.0;20/10/2023
BOVAJ975;97.5;20/10/2023
BOVAJ90;103.0;20/10/2023
BOVAJ845;84.5;20/10/2023
BOVAV114;117.0;20/10/2023
BOVAJ905;90.5;20/10/2023
BOVAJ865;86.5;20/10/2023
BOVAJ87;101.0;20/10/2023
BOVAJ870;87.0;20/10/2023
BOVAJ875;87.5;20/10/2023
BOVAJ855;85.5;20/10/2023
BOVAJ895;89.5;20/10/2023
BOVAJ885;88.5;20/10/2023
BOVAW119;122.0;17/11/2023
BOVAK117;119.0;17/11/2023
BOVAK118;118.0;17/11/2023
BOVAK119;122.0;17/11/2023
BOVAK121;121.0;17/11/2023
BOVAK122;124.0;17/11/2023
BOVAK123;123.0;17/11/2023
BOVAW104;111.0;17/11/2023
BOVAW107;114.0;17/11/2023
BOVAW111;116.0;17/11/2023
BOVAW113;113.0;17/11/2023
BOVAW114;117.0;17/11/2023
BOVAW117;119.0;17/11/2023
BOVAW118;118.0;17/11/2023
BOVAW121;121.0;17/11/2023
BOVAW890;89.0;17/11/2023
BOVAW123;123.0;17/11/2023
BOVAK114;117.0;17/11/2023
BOVAK85;106.0;17/11/2023
BOVAK79;107.0;17/11/2023
BOVAW125;125.0;17/11/2023
BOVAK125;125.0;17/11/2023
BOVAW990;99.0;17/11/2023
BOVAW980;98.0;17/11/2023
BOVAW970;97.0;17/11/2023
BOVAW960;96.0;17/11/2023
BOVAW870;87.0;17/11/2023
BOVAW122;124.0;17/11/2023
BOVAW87;104.0;17/11/2023
BOVAW73;102.0;17/11/2023
BOVAK990;99.0;17/11/2023
BOVAK980;98.0;17/11/2023
BOVAK960;96.0;17/11/2023
BOVAW79;107.0;17/11/2023
BOVAK870;87.0;17/11/2023
BOVAK87;104.0;17/11/2023
BOVAK83;103.0;17/11/2023
BOVAK73;102.0;17/11/2023
BOVAW83;103.0;17/11/2023
BOVAK113;113.0;17/11/2023
BOVAK115;115.0;17/11/2023
BOVAK107;114.0;17/11/2023
BOVAK80;80.0;17/11/2023
BOVAK820;82.0;17/11/2023
BOVAK840;84.0;17/11/2023
BOVAK860;86.0;17/11/2023
BOVAK880;88.0;17/11/2023
BOVAK890;89.0;17/11/2023
BOVAK900;90.0;17/11/2023
BOVAW60;60.0;17/11/2023
BOVAW65;65.0;17/11/2023
BOVAW70;70.0;17/11/2023
BOVAW72;72.0;17/11/2023
BOVAW75;75.0;17/11/2023
BOVAW77;77.0;17/11/2023
BOVAW80;80.0;17/11/2023
BOVAW840;84.0;17/11/2023
BOVAW860;86.0;17/11/2023
BOVAW880;88.0;17/11/2023
BOVAK77;77.0;17/11/2023
BOVAK111;116.0;17/11/2023
BOVAK75;75.0;17/11/2023
BOVAK70;70.0;17/11/2023
BOVAK104;111.0;17/11/2023
BOVAW950;95.0;17/11/2023
BOVAW140;140.0;17/11/2023
BOVAW120;120.0;17/11/2023
BOVAK950;95.0;17/11/2023
BOVAK140;140.0;17/11/2023
BOVAK120;120.0;17/11/2023
BOVAW103;108.0;17/11/2023
BOVAK103;108.0;17/11/2023
BOVAW105;105.0;17/11/2023
BOVAK105;105.0;17/11/2023
BOVAW115;115.0;17/11/2023
BOVAW112;112.0;17/11/2023
BOVAW900;90.0;17/11/2023
BOVAK112;112.0;17/11/2023
BOVAK60;60.0;17/11/2023
BOVAK65;65.0;17/11/2023
BOVAK72;72.0;17/11/2023
BOVAW820;82.0;17/11/2023
BOVAW85;106.0;17/11/2023
BOVAK970;97.0;17/11/2023
BOVAK99;100.0;17/11/2023
BOVAK101;101.0;17/11/2023
BOVAW101;101.0;17/11/2023
BOVAW99;100.0;17/11/2023
BOVAX43;143.0;15/12/2023
BOVAX25;125.0;15/12/2023
BOVAX26;126.0;15/12/2023
BOVAX28;128.0;15/12/2023
BOVAX29;129.0;15/12/2023
BOVAX31;131.0;15/12/2023
BOVAX660;66.0;15/12/2023
BOVAX46;146.0;15/12/2023
BOVAX53;153.0;15/12/2023
BOVAX49;149.0;15/12/2023
BOVAX23;123.0;15/12/2023
BOVAX34;134.0;15/12/2023
BOVAX35;135.0;15/12/2023
BOVAX37;137.0;15/12/2023
BOVAX40;140.0;15/12/2023
BOVAX32;132.0;15/12/2023
BOVAX195;195.0;15/12/2023
BOVAX189;189.0;15/12/2023
BOVAX72;72.0;15/12/2023
BOVAX138;138.0;15/12/2023
BOVAX14;114.0;15/12/2023
BOVAX140;145.0;15/12/2023
BOVAX141;141.0;15/12/2023
BOVAX144;144.0;15/12/2023
BOVAX147;147.0;15/12/2023
BOVAX15;150.0;15/12/2023
BOVAX152;152.0;15/12/2023
BOVAX155;155.0;15/12/2023
BOVAX161;161.0;15/12/2023
BOVAX165;165.0;15/12/2023
BOVAX17;117.0;15/12/2023
BOVAX171;171.0;15/12/2023
BOVAX177;177.0;15/12/2023
BOVAX183;183.0;15/12/2023
BOVAX19;119.0;15/12/2023
BOVAX78;78.0;15/12/2023
BOVAL935;93.5;15/12/2023
BOVAX820;82.0;15/12/2023
BOVAX825;65.0;15/12/2023
BOVAL113;113.0;15/12/2023
BOVAL136;136.0;15/12/2023
BOVAL36;116.0;15/12/2023
BOVAL80;80.0;15/12/2023
BOVAL830;83.0;15/12/2023
BOVAL890;89.0;15/12/2023
BOVAL91;101.0;15/12/2023
BOVAX113;113.0;15/12/2023
BOVAX136;136.0;15/12/2023
BOVAX36;116.0;15/12/2023
BOVAX80;80.0;15/12/2023
BOVAX830;83.0;15/12/2023
BOVAX890;89.0;15/12/2023
BOVAX91;101.0;15/12/2023
BOVAL855;77.0;15/12/2023
BOVAL835;75.0;15/12/2023
BOVAX829;70.0;15/12/2023
BOVAX835;75.0;15/12/2023
BOVAX855;77.0;15/12/2023
BOVAX265;100.0;15/12/2023
BOVAX84;84.0;15/12/2023
BOVAX850;85.0;15/12/2023
BOVAX860;86.0;15/12/2023
BOVAX87;87.0;15/12/2023
BOVAX880;88.0;15/12/2023
BOVAX895;89.5;15/12/2023
BOVAX90;90.0;15/12/2023
BOVAX910;91.0;15/12/2023
BOVAX133;133.0;15/12/2023
BOVAX92;112.0;15/12/2023
BOVAX93;93.0;15/12/2023
BOVAX940;94.0;15/12/2023
BOVAX950;95.0;15/12/2023
BOVAX96;96.0;15/12/2023
BOVAX970;97.0;15/12/2023
BOVAX980;98.0;15/12/2023
BOVAX99;99.0;15/12/2023
BOVAL29;129.0;15/12/2023
BOVAX920;92.0;15/12/2023
BOVAX81;81.0;15/12/2023
BOVAX130;130.0;15/12/2023
BOVAL829;70.0;15/12/2023
BOVAL880;88.0;15/12/2023
BOVAL895;89.5;15/12/2023
BOVAL90;90.0;15/12/2023
BOVAL26;126.0;15/12/2023
BOVAL910;91.0;15/12/2023
BOVAL92;112.0;15/12/2023
BOVAL920;92.0;15/12/2023
BOVAL87;87.0;15/12/2023
BOVAL93;93.0;15/12/2023
BOVAL25;125.0;15/12/2023
BOVAL950;95.0;15/12/2023
BOVAL96;96.0;15/12/2023
BOVAL970;97.0;15/12/2023
BOVAL980;98.0;15/12/2023
BOVAL99;99.0;15/12/2023
BOVAL23;123.0;15/12/2023
BOVAL940;94.0;15/12/2023
BOVAL195;195.0;15/12/2023
BOVAL860;86.0;15/12/2023
BOVAL84;84.0;15/12/2023
BOVAL31;131.0;15/12/2023
BOVAL32;132.0;15/12/2023
BOVAL34;134.0;15/12/2023
BOVAL35;135.0;15/12/2023
BOVAL37;137.0;15/12/2023
BOVAL40;140.0;15/12/2023
BOVAL43;143.0;15/12/2023
BOVAL850;85.0;15/12/2023
BOVAL46;146.0;15/12/2023
BOVAL53;153.0;15/12/2023
BOVAL60;60.0;15/12/2023
BOVAL660;66.0;15/12/2023
BOVAL72;72.0;15/12/2023
BOVAL78;78.0;15/12/2023
BOVAL81;81.0;15/12/2023
BOVAL820;82.0;15/12/2023
BOVAL49;149.0;15/12/2023
BOVAL19;119.0;15/12/2023
BOVAL189;189.0;15/12/2023
BOVAL183;183.0;15/12/2023
BOVAL120;120.0;15/12/2023
BOVAL12;122.0;15/12/2023
BOVAL115;115.0;15/12/2023
BOVAL109;110.0;15/12/2023
BOVAL105;105.0;15/12/2023
BOVAL10;102.0;15/12/2023
BOVAL925;92.5;15/12/2023
BOVAL121;121.0;15/12/2023
BOVAX10;102.0;15/12/2023
BOVAX109;110.0;15/12/2023
BOVAX115;115.0;15/12/2023
BOVAX12;122.0;15/12/2023
BOVAX120;120.0;15/12/2023
BOVAX121;121.0;15/12/2023
BOVAX124;124.0;15/12/2023
BOVAX127;127.0;15/12/2023
BOVAX105;105.0;15/12/2023
BOVAL124;124.0;15/12/2023
BOVAL127;127.0;15/12/2023
BOVAL130;130.0;15/12/2023
BOVAL18;118.0;15/12/2023
BOVAL177;177.0;15/12/2023
BOVAL171;171.0;15/12/2023
BOVAL17;117.0;15/12/2023
BOVAL165;165.0;15/12/2023
BOVAL161;161.0;15/12/2023
BOVAL155;155.0;15/12/2023
BOVAL152;152.0;15/12/2023
BOVAL15;150.0;15/12/2023
BOVAL147;147.0;15/12/2023
BOVAL144;144.0;15/12/2023
BOVAL141;141.0;15/12/2023
BOVAL140;145.0;15/12/2023
BOVAL14;114.0;15/12/2023
BOVAL138;138.0;15/12/2023
BOVAL133;133.0;15/12/2023
BOVAL132;139.0;15/12/2023
BOVAX132;139.0;15/12/2023
BOVAL825;65.0;15/12/2023
BOVAL265;100.0;15/12/2023
BOVAL28;128.0;15/12/2023
BOVAX915;91.5;15/12/2023
BOVAX925;92.5;15/12/2023
BOVAX935;93.5;15/12/2023
BOVAX939;95.5;15/12/2023
BOVAX945;94.5;15/12/2023
BOVAX965;96.5;15/12/2023
BOVAX975;97.5;15/12/2023
BOVAX985;98.5;15/12/2023
BOVAX995;99.5;15/12/2023
BOVAX60;60.0;15/12/2023
BOVAL915;91.5;15/12/2023
BOVAL905;90.5;15/12/2023
BOVAL69;104.0;15/12/2023
BOVAL148;148.0;15/12/2023
BOVAL142;142.0;15/12/2023
BOVAL875;87.5;15/12/2023
BOVAX875;87.5;15/12/2023
BOVAX162;164.0;15/12/2023
BOVAX159;162.0;15/12/2023
BOVAX158;160.0;15/12/2023
BOVAX156;156.0;15/12/2023
BOVAX151;158.0;15/12/2023
BOVAX146;154.0;15/12/2023
BOVAL162;164.0;15/12/2023
BOVAL159;162.0;15/12/2023
BOVAL158;160.0;15/12/2023
BOVAL156;156.0;15/12/2023
BOVAL151;158.0;15/12/2023
BOVAL146;154.0;15/12/2023
BOVAX905;90.5;15/12/2023
BOVAX69;104.0;15/12/2023
BOVAX18;118.0;15/12/2023
BOVAX142;142.0;15/12/2023
BOVAL995;99.5;15/12/2023
BOVAL975;97.5;15/12/2023
BOVAL965;96.5;15/12/2023
BOVAL945;94.5;15/12/2023
BOVAL939;95.5;15/12/2023
BOVAL985;98.5;15/12/2023
BOVAX148;148.0;15/12/2023
BOVAM500;50.0;19/01/2024
BOVAM150;150.0;19/01/2024
BOVAA500;50.0;19/01/2024
BOVAA150;150.0;19/01/2024
BOVAM785;78.5;19/01/2024
BOVAM775;77.5;19/01/2024
BOVAM765;76.5;19/01/2024
BOVAM755;75.5;19/01/2024
BOVAM140;140.0;19/01/2024
BOVAA140;140.0;19/01/2024
BOVAM745;74.5;19/01/2024
BOVAM735;73.5;19/01/2024
BOVAA785;78.5;19/01/2024
BOVAA795;79.5;19/01/2024
BOVAA835;83.5;19/01/2024
BOVAA735;73.5;19/01/2024
BOVAM109;111.0;19/01/2024
BOVAA745;74.5;19/01/2024
BOVAA755;75.5;19/01/2024
BOVAA825;82.5;19/01/2024
BOVAM105;109.0;19/01/2024
BOVAA765;76.5;19/01/2024
BOVAA775;77.5;19/01/2024
BOVAM10;100.0;19/01/2024
BOVAA815;81.5;19/01/2024
BOVAA805;80.5;19/01/2024
BOVAA845;84.5;19/01/2024
BOVAM102;102.0;19/01/2024
BOVAA109;111.0;19/01/2024
BOVAA855;85.5;19/01/2024
BOVAM90;90.0;19/01/2024
BOVAM855;85.5;19/01/2024
BOVAM115;115.0;19/01/2024
BOVAM86;86.0;19/01/2024
BOVAM87;87.0;19/01/2024
BOVAM89;89.0;19/01/2024
BOVAM845;84.5;19/01/2024
BOVAM91;91.0;19/01/2024
BOVAM93;93.0;19/01/2024
BOVAM94;94.0;19/01/2024
BOVAM97;97.0;19/01/2024
BOVAM117;117.0;19/01/2024
BOVAM104;104.0;19/01/2024
BOVAM98;98.0;19/01/2024
BOVAM92;92.0;19/01/2024
BOVAM795;79.5;19/01/2024
BOVAM835;83.5;19/01/2024
BOVAM815;81.5;19/01/2024
BOVAA86;86.0;19/01/2024
BOVAA87;87.0;19/01/2024
BOVAA89;89.0;19/01/2024
BOVAA91;91.0;19/01/2024
BOVAA92;92.0;19/01/2024
BOVAA115;115.0;19/01/2024
BOVAM825;82.5;19/01/2024
BOVAA93;93.0;19/01/2024
BOVAM99;99.0;19/01/2024
BOVAA97;97.0;19/01/2024
BOVAA98;98.0;19/01/2024
BOVAM96;96.0;19/01/2024
BOVAM805;80.5;19/01/2024
BOVAA102;102.0;19/01/2024
BOVAA94;94.0;19/01/2024
BOVAM95;95.0;19/01/2024
BOVAA105;109.0;19/01/2024
BOVAA88;88.0;19/01/2024
BOVAA125;125.0;19/01/2024
BOVAA96;96.0;19/01/2024
BOVAM88;88.0;19/01/2024
BOVAA99;99.0;19/01/2024
BOVAA83;105.0;19/01/2024
BOVAM83;105.0;19/01/2024
BOVAA95;95.0;19/01/2024
BOVAM136;136.0;19/01/2024
BOVAM125;125.0;19/01/2024
BOVAA136;136.0;19/01/2024
BOVAA112;116.0;19/01/2024
BOVAA90;90.0;19/01/2024
BOVAA117;117.0;19/01/2024
BOVAA104;104.0;19/01/2024
BOVAA10;100.0;19/01/2024
BOVAM112;116.0;19/01/2024
BOVAN119;119.0;16/02/2024
BOVAB114;117.0;16/02/2024
BOVAN116;116.0;16/02/2024
BOVAN106;106.0;16/02/2024
BOVAN114;117.0;16/02/2024
BOVAN118;118.0;16/02/2024
BOVAN115;115.0;16/02/2024
BOVAN111;111.0;16/02/2024
BOVAN110;110.0;16/02/2024
BOVAB12;120.0;16/02/2024
BOVAB110;110.0;16/02/2024
BOVAN12;120.0;16/02/2024
BOVAN102;109.0;16/02/2024
BOVAN109;114.0;16/02/2024
BOVAN108;108.0;16/02/2024
BOVAN107;107.0;16/02/2024
BOVAN113;113.0;16/02/2024
BOVAB108;108.0;16/02/2024
BOVAN105;105.0;16/02/2024
BOVAB102;109.0;16/02/2024
BOVAB113;113.0;16/02/2024
BOVAB115;115.0;16/02/2024
BOVAB116;116.0;16/02/2024
BOVAN112;112.0;16/02/2024
BOVAB820;82.0;16/02/2024
BOVAB111;111.0;16/02/2024
BOVAB112;112.0;16/02/2024
BOVAN820;82.0;16/02/2024
BOVAB106;106.0;16/02/2024
BOVAB109;114.0;16/02/2024
BOVAB105;105.0;16/02/2024
BOVAB118;118.0;16/02/2024
BOVAB119;119.0;16/02/2024
BOVAB107;107.0;16/02/2024
BOVAO140;140.0;15/03/2024
BOVAC915;91.5;15/03/2024
BOVAO110;110.0;15/03/2024
BOVAO91;91.0;15/03/2024
BOVAO115;115.0;15/03/2024
BOVAC140;140.0;15/03/2024
BOVAC109;112.0;15/03/2024
BOVAO915;91.5;15/03/2024
BOVAC110;110.0;15/03/2024
BOVAO109;112.0;15/03/2024
BOVAC12;121.0;15/03/2024
BOVAC115;115.0;15/03/2024
BOVAC91;91.0;15/03/2024
BOVAO12;121.0;15/03/2024
BOVAD800;80.0;19/04/2024
BOVAD130;130.0;19/04/2024
BOVAD110;110.0;19/04/2024
BOVAD103;103.0;19/04/2024
BOVAD120;120.0;19/04/2024
BOVAD115;115.0;19/04/2024
BOVAD107;107.0;19/04/2024
BOVAD106;106.0;19/04/2024
BOVAD105;105.0;19/04/2024
BOVAD104;104.0;19/04/2024
BOVAP100;100.0;19/04/2024
BOVAD113;113.0;19/04/2024
BOVAD900;90.0;19/04/2024
BOVAP800;80.0;19/04/2024
BOVAP130;130.0;19/04/2024
BOVAP110;110.0;19/04/2024
BOVAD100;100.0;19/04/2024
BOVAD101;101.0;19/04/2024
BOVAD102;102.0;19/04/2024
BOVAP91;111.0;19/04/2024
BOVAP900;90.0;19/04/2024
BOVAD91;111.0;19/04/2024
BOVAP120;120.0;19/04/2024
BOVAP115;115.0;19/04/2024
BOVAP107;107.0;19/04/2024
BOVAD124;125.0;19/04/2024
BOVAP105;105.0;19/04/2024
BOVAP104;104.0;19/04/2024
BOVAP124;125.0;19/04/2024
BOVAP113;113.0;19/04/2024
BOVAP103;103.0;19/04/2024
BOVAP102;102.0;19/04/2024
BOVAP101;101.0;19/04/2024
BOVAP106;106.0;19/04/2024
BOVAE15;150.0;17/05/2024
BOVAQ115;115.0;17/05/2024
BOVAE12;120.0;17/05/2024
BOVAQ15;150.0;17/05/2024
BOVAQ12;120.0;17/05/2024
BOVAE115;115.0;17/05/2024
BOVAF118;118.0;21/06/2024
BOVAR111;116.0;21/06/2024
BOVAF111;116.0;21/06/2024
BOVAR118;118.0;21/06/2024
BOVAF120;120.0;21/06/2024
BOVAF139;139.0;21/06/2024
BOVAR125;125.0;21/06/2024
BOVAF125;125.0;21/06/2024
BOVAR110;110.0;21/06/2024
BOVAF110;110.0;21/06/2024
BOVAR158;158.0;21/06/2024
BOVAR136;136.0;21/06/2024
BOVAF158;158.0;21/06/2024
BOVAR139;139.0;21/06/2024
BOVAF135;135.0;21/06/2024
BOVAF160;160.0;21/06/2024
BOVAF136;136.0;21/06/2024
BOVAF105;105.0;21/06/2024
BOVAR160;160.0;21/06/2024
BOVAR135;135.0;21/06/2024
BOVAR120;120.0;21/06/2024
BOVAR105;105.0;21/06/2024
BOVAS711;112.0;19/07/2024
BOVAG11;110.0;19/07/2024
BOVAS11;110.0;19/07/2024
BOVAG119;125.0;19/07/2024
BOVAG120;120.0;19/07/2024
BOVAS119;125.0;19/07/2024
BOVAG711;112.0;19/07/2024
BOVAS120;120.0;19/07/2024
BOVAS82;82.0;19/07/2024
BOVAG82;82.0;19/07/2024
BOVAH500;50.0;16/08/2024
BOVAT500;50.0;16/08/2024
BOVAT200;200.0;16/08/2024
BOVAH215;215.0;16/08/2024
BOVAT215;215.0;16/08/2024
BOVAH200;200.0;16/08/2024
BOVAH150;150.0;16/08/2024
BOVAH120;120.0;16/08/2024
BOVAT120;120.0;16/08/2024
BOVAT11;115.0;16/08/2024
BOVAT150;150.0;16/08/2024
BOVAH600;60.0;16/08/2024
BOVAH105;105.0;16/08/2024
BOVAT105;105.0;16/08/2024
BOVAH11;115.0;16/08/2024
BOVAH125;125.0;16/08/2024
BOVAT125;125.0;16/08/2024
BOVAT600;60.0;16/08/2024
BOVAH110;110.0;16/08/2024
BOVAT110;110.0;16/08/2024
BOVAI150;150.0;20/09/2024
BOVAU150;150.0;20/09/2024
BOVAV12;120.0;18/10/2024
BOVAJ110;110.0;18/10/2024
BOVAV110;110.0;18/10/2024
BOVAJ12;120.0;18/10/2024
BOVAL145;145.0;20/12/2024
BOVAL252;120.0;20/12/2024
BOVAL100;100.0;20/12/2024
BOVAX103;104.0;20/12/2024
BOVAX95;95.0;20/12/2024
BOVAX125;125.0;20/12/2024
BOVAX900;90.0;20/12/2024
BOVAX100;100.0;20/12/2024
BOVAX112;112.0;20/12/2024
BOVAX104;105.0;20/12/2024
BOVAL125;125.0;20/12/2024
BOVAL103;104.0;20/12/2024
BOVAX252;120.0;20/12/2024
BOVAX50;150.0;20/12/2024
BOVAL154;155.0;20/12/2024
BOVAX145;145.0;20/12/2024
BOVAX154;155.0;20/12/2024
BOVAX85;85.0;20/12/2024
BOVAL85;85.0;20/12/2024
BOVAL900;90.0;20/12/2024
BOVAX800;80.0;20/12/2024
BOVAL50;150.0;20/12/2024
BOVAL800;80.0;20/12/2024
BOVAX16;160.0;20/12/2024
BOVAL198;110.0;20/12/2024
BOVAX215;130.0;20/12/2024
BOVAX139;140.0;20/12/2024
BOVAL215;130.0;20/12/2024
BOVAL139;140.0;20/12/2024
BOVAX198;110.0;20/12/2024
BOVAL16;160.0;20/12/2024
BOVAL95;95.0;20/12/2024
BOVAL112;112.0;20/12/2024
BOVAL104;105.0;20/12/2024
BOVAM850;85.0;17/01/2025
BOVAM120;120.0;17/01/2025
BOVAM860;86.0;17/01/2025
BOVAM990;99.0;17/01/2025
BOVAM890;89.0;17/01/2025
BOVAM980;98.0;17/01/2025
BOVAM900;90.0;17/01/2025
BOVAM970;97.0;17/01/2025
BOVAM810;81.0;17/01/2025
BOVAA100;100.0;17/01/2025
BOVAM820;82.0;17/01/2025
BOVAM830;83.0;17/01/2025
BOVAA120;120.0;17/01/2025
BOVAM800;80.0;17/01/2025
BOVAA750;75.0;17/01/2025
BOVAM100;100.0;17/01/2025
BOVAM840;84.0;17/01/2025
BOVAM910;91.0;17/01/2025
BOVAM920;92.0;17/01/2025
BOVAM750;75.0;17/01/2025
BOVAM960;96.0;17/01/2025
BOVAM950;95.0;17/01/2025
BOVAM880;88.0;17/01/2025
BOVAM870;87.0;17/01/2025
BOVAM790;79.0;17/01/2025
BOVAM940;94.0;17/01/2025
BOVAA800;80.0;17/01/2025
BOVAA810;81.0;17/01/2025
BOVAA820;82.0;17/01/2025
BOVAA830;83.0;17/01/2025
BOVAA840;84.0;17/01/2025
BOVAA850;85.0;17/01/2025
BOVAA860;86.0;17/01/2025
BOVAA870;87.0;17/01/2025
BOVAA880;88.0;17/01/2025
BOVAA890;89.0;17/01/2025
BOVAA990;99.0;17/01/2025
BOVAA900;90.0;17/01/2025
BOVAA920;92.0;17/01/2025
BOVAA930;93.0;17/01/2025
BOVAA940;94.0;17/01/2025
BOVAA950;95.0;17/01/2025
BOVAA960;96.0;17/01/2025
BOVAA780;78.0;17/01/2025
BOVAA790;79.0;17/01/2025
BOVAA970;97.0;17/01/2025
BOVAA980;98.0;17/01/2025
BOVAM780;78.0;17/01/2025
BOVAA910;91.0;17/01/2025
BOVAM930;93.0;17/01/2025
BOVAB800;80.0;21/02/2025
BOVAN150;150.0;21/02/2025
BOVAN500;50.0;21/02/2025
BOVAB850;85.0;21/02/2025
BOVAB830;83.0;21/02/2025
BOVAB780;78.0;21/02/2025
BOVAB750;75.0;21/02/2025
BOVAB100;100.0;21/02/2025
BOVAB880;88.0;21/02/2025
BOVAB150;150.0;21/02/2025
BOVAB500;50.0;21/02/2025
BOVAB900;90.0;21/02/2025
BOVAN980;98.0;21/02/2025
BOVAN950;95.0;21/02/2025
BOVAN930;93.0;21/02/2025
BOVAN900;90.0;21/02/2025
BOVAN880;88.0;21/02/2025
BOVAN850;85.0;21/02/2025
BOVAN830;83.0;21/02/2025
BOVAN780;78.0;21/02/2025
BOVAN750;75.0;21/02/2025
BOVAN120;120.0;21/02/2025
BOVAN100;100.0;21/02/2025
BOVAB980;98.0;21/02/2025
BOVAN800;80.0;21/02/2025
BOVAB950;95.0;21/02/2025
BOVAB120;120.0;21/02/2025
BOVAB930;93.0;21/02/2025
BOVAC500;50.0;21/03/2025
BOVAC150;150.0;21/03/2025
BOVAO500;50.0;21/03/2025
BOVAO150;150.0;21/03/2025
BOVAP11;115.0;17/04/2025
BOVAD145;145.0;17/04/2025
BOVAP15;150.0;17/04/2025
BOVAD11;115.0;17/04/2025
BOVAP40;140.0;17/04/2025
BOVAD109;110.0;17/04/2025
BOVAP145;145.0;17/04/2025
BOVAP16;160.0;17/04/2025
BOVAD899;90.0;17/04/2025
BOVAD16;160.0;17/04/2025
BOVAP109;110.0;17/04/2025
BOVAD15;150.0;17/04/2025
BOVAP12;120.0;17/04/2025
BOVAD12;120.0;17/04/2025
BOVAD135;135.0;17/04/2025
BOVAD25;125.0;17/04/2025
BOVAP10;100.0;17/04/2025
BOVAP135;135.0;17/04/2025
BOVAD40;140.0;17/04/2025
BOVAP80;80.0;17/04/2025
BOVAP899;90.0;17/04/2025
BOVAP25;125.0;17/04/2025
BOVAD80;80.0;17/04/2025
BOVAD10;100.0;17/04/2025
BOVAQ149;150.0;16/05/2025
BOVAE149;150.0;16/05/2025
BOVAG13;130.0;18/07/2025
BOVAG221;122.0;18/07/2025
BOVAS221;122.0;18/07/2025
BOVAS114;115.0;18/07/2025
BOVAG131;132.0;18/07/2025
BOVAS131;132.0;18/07/2025
BOVAG411;114.0;18/07/2025
BOVAG133;133.0;18/07/2025
BOVAS133;133.0;18/07/2025
BOVAG114;115.0;18/07/2025
BOVAS13;130.0;18/07/2025
BOVAS411;114.0;18/07/2025
BOVAH119;120.0;15/08/2025
BOVAT155;155.0;15/08/2025
BOVAT104;105.0;15/08/2025
BOVAH109;110.0;15/08/2025
BOVAH800;80.0;15/08/2025
BOVAH155;155.0;15/08/2025
BOVAT109;110.0;15/08/2025
BOVAH104;105.0;15/08/2025
BOVAT114;115.0;15/08/2025
BOVAT140;140.0;15/08/2025
BOVAH12;125.0;15/08/2025
BOVAT12;125.0;15/08/2025
BOVAH18;118.0;15/08/2025
BOVAH34;134.0;15/08/2025
BOVAT18;118.0;15/08/2025
BOVAT34;134.0;15/08/2025
BOVAH13;130.0;15/08/2025
BOVAT13;130.0;15/08/2025
BOVAT119;120.0;15/08/2025
BOVAH149;150.0;15/08/2025
BOVAH631;136.0;15/08/2025
BOVAT631;136.0;15/08/2025
BOVAH135;135.0;15/08/2025
BOVAT135;135.0;15/08/2025
BOVAH10;100.0;15/08/2025
BOVAH114;115.0;15/08/2025
BOVAT10;100.0;15/08/2025
BOVAT800;80.0;15/08/2025
BOVAT149;150.0;15/08/2025
BOVAH140;140.0;15/08/2025
